{"name":"许诸","官职":"关内侯、万岁亭侯、牟乡侯","出生日期":"169年","逝世日期":"226年","人物关系":"曹操近身侍卫","人物评价":"徐佗谋逆而许褚心动，忠诚之至远同於日，且潼关之危，非褚不济，褚之功烈有过典韦","事迹":"渭水救曹操，吓退马超，曹魏开国功臣","性别":"男","homeworld":"扬州yangzhou","films":["魏国weiguo"],"species":[],"vehicles":[],"starships":["官渡之战guanduzhizhan","赤壁之战chibizhizhan"],"created":"2014-12-19T17:57:41.191000Z","edited":"2014-12-20T21:17:50.401000Z","url":"许褚xuchu"}
{"name":"曹真","官职":"大将军、大司马","出生日期":"不详","逝世日期":"231年","人物关系":"曹操养子","人物评价":"大司马蹈履忠节，佐命二祖，内不恃亲戚之宠，外不骄白屋之士，可谓能持盈守位，劳谦其德者也","事迹":"大败羌胡联军，平定河西;大破吴国孙盛，击退蜀汉诸葛亮","性别":"男","homeworld":"扬州yangzhou","films":["魏国weiguo"],"species":[],"vehicles":[],"starships":[],"created":"2014-12-19T18:00:41.929000Z","edited":"2014-12-20T21:17:50.403000Z","url":"曹真caozhen"}
{"name":"曹休","官职":"征东大将军、扬州牧、大司马","出生日期":"不详","逝世日期":"228年","人物关系":"曹操族子","人物评价":"明德继踵，奕世纯粹。阐弘泛爱，仁以接物。艺以为华，体兹亮实。","事迹":"下辨之战破吴兰，濡须败吕范","性别":"男","homeworld":"扬州yangzhou","films":["魏国weiguo"],"species":[],"vehicles":[],"starships":["合肥之战hefeizhizhan","石亭之战shitingzhizhan"],"created":"2014-12-20T09:48:01.172000Z","edited":"2014-12-20T21:17:50.409000Z","url":"曹休caoxiu"}
{"name":"徐晃","官职":"右将军，假节","出生日期":"不详","逝世日期":"227年","人物关系":"曹操部下将领","人物评价":"徐晃沉详，幼而特立。既克绍於门风，爰委用於旧土。未行真命，且假剧权。士心咸感於惠和，封部果臻於宁肃","事迹":"大败韩猛;献计平关中;击破关羽，解樊城之围","性别":"男","homeworld":"冀州jizhou","films":["魏国weiguo"],"species":[],"vehicles":[],"starships":["官渡之战guanduzhizhan","赤壁之战chibizhizhan","合肥之战hefeizhizhan"],"created":"2014-12-20T09:53:15.086000Z","edited":"2016-06-30T12:52:19.604868Z","url":"徐晃xuhuang"}
{"name":"马良","官职":"侍中","出生日期":"187年","逝世日期":"222年","人物关系":"儿子马秉，弟弟马谡","人物评价":"董和蹈羔羊之素，刘巴履清尚之节，马良贞实，称为令士，陈震忠恪，老而益笃，董允匡主，义形于色，皆蜀臣之良矣。","事迹":"奉命出使东吴，夷陵之战遇害身亡","性别":"男","homeworld":"荆州jingzhou","films":["蜀国shuguo"],"species":[],"vehicles":[],"starships":["夷陵之战yilingzhizhan","赤壁之战chibizhizhan"],"created":"2014-12-09T13:50:51.644000Z","edited":"2014-12-20T21:17:56.891000Z","url":"马良maliang"}
{"name":"刘备","官职":"汉昭烈帝","出生日期":"161年","逝世日期":"223年6月10日","人物关系":"西汉中山靖王刘胜之后，儿子刘禅","人物评价":"于时乃考因群杰虎争，九服不静，乘间阻远，保据庸蜀，遂使西隅殊封，方外壅隔。自是以来，干戈不戢，元元之民，不得保安其性，几将五纪。","事迹":"入主徐州，依附刘表，对抗曹操，建立蜀国","性别":"男","homeworld":"幽州youzhou","films":["蜀国shuguo"],"species":[],"vehicles":[],"starships":["官渡之战guanduzhizhan","江陵保卫战jianglingbaoweizhan","赤壁之战chibizhizhan","落凤坡之战luofengpozhizhan","夷陵之战yilingzhizhan","樊城之战fanchengzhizhan","汉中之战hanzhongzhizhan","上方谷之战shangfangguzhizhan","新野之战xinyezhizhan"],"created":"2014-12-10T15:10:51.357000Z","edited":"2014-12-20T21:17:50.309000Z","url":"刘备liubei"}
{"name":"蒋琬","官职":"大司马、大将军、益州刺史","出生日期":"不详","逝世日期":"246年","人物关系":"诸葛亮知遇之恩","人物评价":"蒋琬，社稷之器，非百里之才也。","事迹":"夜梦一牛，出生轶事","性别":"男","homeworld":"荆州jingzhou","films":["蜀国shuguo"],"species":["丧服要记shu","承命上疏shu"],"vehicles":[],"starships":["官渡之战guanduzhizhan","江陵保卫战jianglingbaoweizhan","赤壁之战chibizhizhan","落凤坡之战luofengpozhizhan","夷陵之战yilingzhizhan","樊城之战fanchengzhizhan","汉中之战hanzhongzhizhan","上方谷之战shangfangguzhizhan","新野之战xinyezhizhan","六出祁山liuchuqishan"],"created":"2014-12-10T15:11:50.376000Z","edited":"2014-12-20T21:17:50.311000Z","url":"蒋琬jiangwan"}
{"name":"来敏","官职":"执慎将军","出生日期":"165年","逝世日期":"261年","人物关系":"东汉太中大夫来歙之后，司空来艳之子","人物评价":"来敏博涉多闻，虽不以德业为称，信皆一时之学士","事迹":"多次因说错话而被免官","性别":"男","homeworld":"豫州yuzhou","films":["蜀国shuguo"],"species":["本蜀论shu"],"vehicles":[],"starships":[],"created":"2014-12-10T15:11:50.376000Z","edited":"2014-12-20T21:17:50.311000Z","url":"来敏laimin"}
{"name":"秦宓","官职":"大司农","出生日期":"不详","逝世日期":"226年","人物关系":"刘备部下文臣","人物评价":"司农性才，敷述允章，藻丽辞理，斐斐有光","事迹":"吴蜀同盟后，孙权派张温至成都回访。酒宴之上，秦宓与张温舌战，说得张温无言以对","性别":"男","homeworld":"益州郡yizhoujun","films":["蜀国shuguo"],"species":["远游shu"],"vehicles":[],"starships":["夷陵之战yilingzhizhan"],"created":"2014-12-10T15:11:50.376000Z","edited":"2014-12-20T21:17:50.311000Z","url":"秦宓qinmi"}
{"name":"李严","官职":"尚书令，中都护，骠骑将军","出生日期":"不详","逝世日期":"234年","人物关系":"儿子李丰","人物评价":"部分如流，趋舍罔滞，正方性也。平为大臣，受恩过量，不思忠报，横造无端，危耻不办，迷罔上下，论狱弃科，导人为奸，狭情志狂，若无天地。自度奸露，嫌心遂生。","事迹":"受命托孤，供粮不力","性别":"男","homeworld":"荆州jingzhou","films":["蜀国shuguo"],"species":["蜀科shu"],"vehicles":[],"starships":["官渡之战guanduzhizhan","江陵保卫战jianglingbaoweizhan","赤壁之战chibizhizhan","落凤坡之战luofengpozhizhan","夷陵之战yilingzhizhan","樊城之战fanchengzhizhan","汉中之战hanzhongzhizhan","上方谷之战shangfangguzhizhan","新野之战xinyezhizhan","六出祁山liuchuqishan"],"created":"2014-12-10T15:18:20.704000Z","edited":"2014-12-20T21:17:50.313000Z","url":"李严liyan"}
{"name":"谯周","官职":"骑都尉，散骑常侍","出生日期":"公元201年","逝世日期":"公元270年","人物关系":"儿子谯同","人物评价":"将军被刺方豪日，丞相身寒未暮年。惟有谯周老难死，白头抽笔写降笺","事迹":"上书直谏，保全国家","性别":"男","homeworld":"益州郡yizhoujun","films":["蜀国shuguo"],"species":["谯子法训shu"],"vehicles":[],"starships":["官渡之战guanduzhizhan","江陵保卫战jianglingbaoweizhan","赤壁之战chibizhizhan","落凤坡之战luofengpozhizhan","夷陵之战yilingzhizhan","樊城之战fanchengzhizhan","汉中之战hanzhongzhizhan","上方谷之战shangfangguzhizhan","新野之战xinyezhizhan","六出祁山liuchuqishan"],"created":"2014-12-10T15:18:20.704000Z","edited":"2014-12-20T21:17:50.313000Z","url":"谯周qiaozhou"}
{"name":"杨戏","官职":"护军监军","出生日期":"不详","逝世日期":"公元261年","人物关系":"不详","人物评价":"杨戏商略，意在不群，然智度有短，殆罹世难云","事迹":"历职内外，傲慢被免","性别":"男","homeworld":"犍为郡qianweijun","films":["蜀国shuguo"],"species":["季汉辅臣赞shu"],"vehicles":[],"starships":["官渡之战guanduzhizhan","江陵保卫战jianglingbaoweizhan","赤壁之战chibizhizhan","落凤坡之战luofengpozhizhan","夷陵之战yilingzhizhan","樊城之战fanchengzhizhan","汉中之战hanzhongzhizhan","上方谷之战shangfangguzhizhan","新野之战xinyezhizhan","六出祁山liuchuqishan"],"created":"2014-12-10T15:18:20.704000Z","edited":"2014-12-20T21:17:50.313000Z","url":"杨戏yangxi"}
{"name":"关羽","官职":"前将军、襄阳太守","出生日期":"不详","逝世日期":"220年","人物关系":"父亲关毅，孙子关统，下属廖化","人物评价":"孟起兼资文武，雄烈过人，一世之杰，黥、彭之徒，当与益德并驱争先，犹未及髯之绝伦逸群。","事迹":"阵斩颜良，镇守荆州，败走麦城","性别":"男","homeworld":"司州sizhou","films":["蜀国shuguo"],"species":[],"vehicles":[],"starships":["官渡之战guanduzhizhan","江陵保卫战jianglingbaoweizhan","赤壁之战chibizhizhan","落凤坡之战luofengpozhizhan","夷陵之战yilingzhizhan","樊城之战fanchengzhizhan","汉中之战hanzhongzhizhan","上方谷之战shangfangguzhizhan","新野之战xinyezhizhan"],"created":"2014-12-10T15:20:09.791000Z","edited":"2014-12-20T21:17:50.315000Z","url":"关羽guanyu"}
{"name":"张飞","官职":"车骑将军","出生日期":"不详","逝世日期":"221年","人物关系":"女儿敬哀皇后，儿子张苞","人物评价":"飞雄壮威猛，亚於关羽，魏谋臣程昱等咸称羽、飞万人之敌也。","事迹":"新亭侯刀，立马铭，据水断桥，义释严颜，大破张郃","性别":"男","homeworld":"幽州youzhou","films":["蜀国shuguo"],"species":[],"vehicles":[],"starships":["官渡之战guanduzhizhan","江陵保卫战jianglingbaoweizhan","赤壁之战chibizhizhan","落凤坡之战luofengpozhizhan","夷陵之战yilingzhizhan","樊城之战fanchengzhizhan","汉中之战hanzhongzhizhan","上方谷之战shangfangguzhizhan","新野之战xinyezhizhan"],"created":"2014-12-10T15:52:14.024000Z","edited":"2014-12-20T21:17:50.317000Z","url":"张飞zhangfei"}
{"name":"赵云","官职":"镇军将军、永昌亭侯","出生日期":"不详","逝世日期":"229年","人物关系":"儿子赵广，赵统","人物评价":"子龙一身都是胆也。","事迹":"跟随刘备，两扶幼主","性别":"男","homeworld":"冀州jizhou","films":["蜀国shuguo"],"species":[],"vehicles":[],"starships":["官渡之战guanduzhizhan","江陵保卫战jianglingbaoweizhan","赤壁之战chibizhizhan","落凤坡之战luofengpozhizhan","夷陵之战yilingzhizhan","樊城之战fanchengzhizhan","汉中之战hanzhongzhizhan","上方谷之战shangfangguzhizhan","新野之战xinyezhizhan","六出祁山liuchuqishan"],"created":"2014-12-10T15:53:41.121000Z","edited":"2014-12-20T21:17:50.319000Z","url":"赵云zhaoyun"}
{"name":"简雍","官职":"昭德将军","出生日期":"不详","逝世日期":"不详","人物关系":"刘备发小","人物评价":"游风议，性简傲跌宕，在先主坐席，犹箕踞倾倚，威仪不肃，自纵适；诸葛亮已下则独擅一榻，项枕卧语，无所为屈。","事迹":"随音变之，彼有其具，优游风议","性别":"男","homeworld":"幽州youzhou","films":["蜀国shuguo"],"species":[],"vehicles":[],"starships":["官渡之战guanduzhizhan","江陵保卫战jianglingbaoweizhan","赤壁之战chibizhizhan","落凤坡之战luofengpozhizhan","夷陵之战yilingzhizhan","樊城之战fanchengzhizhan","汉中之战hanzhongzhizhan","上方谷之战shangfangguzhizhan","新野之战xinyezhizhan","六出祁山liuchuqishan"],"created":"2014-12-10T15:57:50.959000Z","edited":"2014-12-20T21:17:50.321000Z","url":"简雍jianyong"}
{"name":"刘琦","官职":"荆州刺史","出生日期":"不详","逝世日期":"209年","人物关系":"东汉荆州牧刘表长子","人物评价":"生子当如孙仲谋，刘景升儿子若豚犬耳！","事迹":"失父宠爱，上屋抽梯","性别":"男","homeworld":"荆州jingzhou","films":["蜀国shuguo"],"species":[],"vehicles":[],"starships":["官渡之战guanduzhizhan","江陵保卫战jianglingbaoweizhan","赤壁之战chibizhizhan","落凤坡之战luofengpozhizhan","夷陵之战yilingzhizhan","樊城之战fanchengzhizhan","汉中之战hanzhongzhizhan","上方谷之战shangfangguzhizhan","新野之战xinyezhizhan"],"created":"2014-12-10T15:59:50.509000Z","edited":"2014-12-20T21:17:50.323000Z","url":"刘琦liuqi"}
{"name":"姜维","官职":"大将军","出生日期":"202年","逝世日期":"264年","人物关系":"父亲姜冏","人物评价":"姜伯约忠勤时事，思虑精密，考其所有，永南、季常诸人不如也。其人，凉州上士也。","事迹":"连接羌胡，主持北伐","性别":"男","homeworld":"凉州liangzhou","films":["蜀国shuguo"],"species":["蒲元别传shu"],"vehicles":[],"starships":["六出祁山liuchuqishan"],"created":"2014-12-10T16:16:29.192000Z","edited":"2014-12-20T21:17:50.325000Z","url":"姜维jiangwei"}
{"name":"马谡","官职":"越嶲太守、丞相参军","出生日期":"190年","逝世日期":"228年","人物关系":"哥哥马良","人物评价":"越巂太守马谡才器过人，好论军计。","事迹":"丞相器重，亮纳其谋，街亭大败","性别":"男","homeworld":"荆州jingzhou","films":["蜀国shuguo"],"species":[],"vehicles":[],"starships":["官渡之战guanduzhizhan","江陵保卫战jianglingbaoweizhan","赤壁之战chibizhizhan","落凤坡之战luofengpozhizhan","夷陵之战yilingzhizhan","樊城之战fanchengzhizhan","汉中之战hanzhongzhizhan","上方谷之战shangfangguzhizhan","新野之战xinyezhizhan","六出祁山liuchuqishan"],"created":"2014-12-10T16:26:56.138000Z","edited":"2014-12-20T21:17:50.330000Z","url":"马谡masu"}
{"name":"马岱","官职":"平北将军","出生日期":"不详","逝世日期":"不详","人物关系":"堂哥马超，堂弟马休","人物评价":"惟有从弟岱，当为微宗血食之继。","事迹":"斩杀魏延","性别":"男","homeworld":"雍州yongzhou","films":["蜀国shuguo"],"species":[],"vehicles":[],"starships":["官渡之战guanduzhizhan","江陵保卫战jianglingbaoweizhan","赤壁之战chibizhizhan","落凤坡之战luofengpozhizhan","夷陵之战yilingzhizhan","樊城之战fanchengzhizhan","汉中之战hanzhongzhizhan","上方谷之战shangfangguzhizhan","新野之战xinyezhizhan","六出祁山liuchuqishan"],"created":"2014-12-10T16:42:45.066000Z","edited":"2014-12-20T21:17:50.332000Z","url":"马岱madai"}
{"name":"马超","官职":"骠骑将军、斄乡侯","出生日期":"176年","逝世日期":"222年","人物关系":"父亲马腾，弟弟马岱","人物评价":"孟起兼资文武，雄烈过人，一世之杰，黥、彭之徒。","事迹":"起兵反曹，卷土凉州，临末上疏","性别":"男","homeworld":"雍州yongzhou","films":["蜀国shuguo"],"species":[],"vehicles":[],"starships":["官渡之战guanduzhizhan","江陵保卫战jianglingbaoweizhan","赤壁之战chibizhizhan","落凤坡之战luofengpozhizhan","夷陵之战yilingzhizhan","樊城之战fanchengzhizhan","汉中之战hanzhongzhizhan","上方谷之战shangfangguzhizhan","新野之战xinyezhizhan","六出祁山liuchuqishan"],"created":"2014-12-10T16:49:14.582000Z","edited":"2014-12-20T21:17:50.334000Z","url":"马超machao"}
{"name":"费祎","官职":"大将军","出生日期":"不详","逝世日期":"253年","人物关系":"诸葛亮心腹重臣","人物评价":"此皆（当中有费祎）良实，志虑忠纯，是以先帝简拔以遗陛下。愚以为宫中之事，事无大小，悉以咨之，然后施行，必能裨补阙漏，有所广益。","事迹":"居中调解，击退曹爽","性别":"男","homeworld":"荆州jingzhou","films":["蜀国shuguo"],"species":["嘲吴群臣shu","甲乙论shu"],"vehicles":[],"starships":["官渡之战guanduzhizhan","江陵保卫战jianglingbaoweizhan","赤壁之战chibizhizhan","落凤坡之战luofengpozhizhan","夷陵之战yilingzhizhan","樊城之战fanchengzhizhan","汉中之战hanzhongzhizhan","上方谷之战shangfangguzhizhan","新野之战xinyezhizhan","六出祁山liuchuqishan"],"created":"2014-12-10T17:03:30.334000Z","edited":"2014-12-20T21:17:50.336000Z","url":"费祎feiyi"}
{"name":"董允","官职":"黄门侍郎、侍中","出生日期":"不详","逝世日期":"246年","人物关系":"父亲董和","人物评价":"秉心公亮，董允匡主，义形于色，皆蜀臣之良矣。","事迹":"董允为官一生，两袖清风，淡泊名利。鉴于其政绩显著，很多蜀汉官员甚至担任了益州刺史的蒋琬都上书刘禅，希望能给董允加官进爵，奖赏食邑，但都被董允一一拒绝。","性别":"男","homeworld":"巴郡bajun","films":["蜀国shuguo"],"species":[],"vehicles":[],"starships":["官渡之战guanduzhizhan","江陵保卫战jianglingbaoweizhan","赤壁之战chibizhizhan","落凤坡之战luofengpozhizhan","夷陵之战yilingzhizhan","樊城之战fanchengzhizhan","汉中之战hanzhongzhizhan","上方谷之战shangfangguzhizhan","新野之战xinyezhizhan","六出祁山liuchuqishan"],"created":"2014-12-10T17:11:31.638000Z","edited":"2014-12-20T21:17:50.338000Z","url":"董允dongyun"}
{"name":"魏延","官职":"征西大将军，凉州刺史，前军师，汉中太守","出生日期":"不详","逝世日期":"234年","人物关系":"马岱所斩杀","人物评价":"杨仪、魏延竖牧小人也，虽尝有鸣吠之益于时务，然既已任之，势不得轻。若一朝无诸葛亮，必为祸乱矣。","事迹":"随刘备入蜀，与黄忠等统军平定广汉郡，刘备称汉中王后负责镇守汉中。诸葛亮第一次北伐时提出子午谷奇谋。阳溪之战大破郭淮、费曜。诸葛亮第四次北伐时，在诸葛亮指挥下，和高翔、吴班等一同于卤城之战大破司马懿，取得甲首三千的战果。","性别":"男","homeworld":"荆州jingzhou","films":["蜀国shuguo"],"species":[],"vehicles":[],"starships":["官渡之战guanduzhizhan","江陵保卫战jianglingbaoweizhan","赤壁之战chibizhizhan","落凤坡之战luofengpozhizhan","夷陵之战yilingzhizhan","樊城之战fanchengzhizhan","汉中之战hanzhongzhizhan","上方谷之战shangfangguzhizhan","新野之战xinyezhizhan","六出祁山liuchuqishan"],"created":"2014-12-12T11:08:06.469000Z","edited":"2014-12-20T21:17:50.341000Z","url":"魏延weiyan"}
{"name":"廖化","官职":"右车骑将军、并州刺史","出生日期":"不详","逝世日期":"264年","人物关系":"受关羽领导","人物评价":"前有王（王平）、句（句扶），后有张（张翼）、廖。","事迹":"思汉西归，北伐建功","性别":"男","homeworld":"荆州jingzhou","films":["蜀国shuguo"],"species":[],"vehicles":[],"starships":["官渡之战guanduzhizhan","江陵保卫战jianglingbaoweizhan","赤壁之战chibizhizhan","落凤坡之战luofengpozhizhan","夷陵之战yilingzhizhan","樊城之战fanchengzhizhan","汉中之战hanzhongzhizhan","上方谷之战shangfangguzhizhan","新野之战xinyezhizhan","六出祁山liuchuqishan"],"created":"2014-12-12T11:16:56.569000Z","edited":"2014-12-20T21:17:50.343000Z","url":"廖化liaohua"}
{"name":"徐庶","官职":"右中郎将、御史中丞","出生日期":"不详","逝世日期":"不详","人物关系":"好友司马徽","人物评价":"徐元直西蜀之谋士，关云长刘氏之骁将，须归即遣，知叛弗追，今之与古，何其异趣？","事迹":"徐庶进曹营——一言不发，折节学问","性别":"男","homeworld":"豫州","films":["蜀国shuguo","魏国weiguo"],"species":[],"vehicles":[],"starships":["官渡之战guanduzhizhan","江陵保卫战jianglingbaoweizhan","赤壁之战chibizhizhan","落凤坡之战luofengpozhizhan","夷陵之战yilingzhizhan","樊城之战fanchengzhizhan","汉中之战hanzhongzhizhan","上方谷之战shangfangguzhizhan","新野之战xinyezhizhan","六出祁山liuchuqishan"],"created":"2014-12-20T19:49:35.583000Z","edited":"2014-12-20T21:17:50.493000Z","url":"徐庶xushu"}
{"name":"法正","官职":"尚书令、护军将军","出生日期":"176年","逝世日期":"220年","人物关系":"好友孟达，张松，刘璋","人物评价":"翼侯良谋，料世兴衰，委质于主，是训是谘，暂思经算，睹事知机。","事迹":"巧言进谏，孝直避箭","性别":"男","homeworld":"雍州yongzhou","films":["蜀国shuguo"],"species":["与刘璋笺shu"],"vehicles":[],"starships":["官渡之战guanduzhizhan","江陵保卫战jianglingbaoweizhan","赤壁之战chibizhizhan","落凤坡之战luofengpozhizhan","夷陵之战yilingzhizhan","樊城之战fanchengzhizhan","汉中之战hanzhongzhizhan","上方谷之战shangfangguzhizhan","新野之战xinyezhizhan","六出祁山liuchuqishan"],"created":"2014-12-15T12:26:01.042000Z","edited":"2014-12-20T21:17:50.345000Z","url":"法正fazheng"}
{"name":"杨仪","官职":"中军师","出生日期":"不详","逝世日期":"235年","人物关系":"哥哥杨虑","人物评价":"威公狷狭，取异众人；闲则及理，逼则伤侵，舍顺入凶，大易之云。","事迹":"投奔刘备，改任太守，随军北伐，作茧自缚","性别":"男","homeworld":"荆州jingzhou","films":["蜀国shuguo"],"species":[],"vehicles":[],"starships":["官渡之战guanduzhizhan","江陵保卫战jianglingbaoweizhan","赤壁之战chibizhizhan","落凤坡之战luofengpozhizhan","夷陵之战yilingzhizhan","樊城之战fanchengzhizhan","汉中之战hanzhongzhizhan","上方谷之战shangfangguzhizhan","新野之战xinyezhizhan","六出祁山liuchuqishan"],"created":"2014-12-15T12:48:05.971000Z","edited":"2014-12-20T21:17:50.347000Z","url":"杨仪yangyi"}
{"name":"黄忠","官职":"后将军","出生日期":"不详","逝世日期":"220年","人物关系":"先跟刘表后投向刘备","人物评价":"黄忠常先登陷阵，勇毅冠三军。","事迹":"收川立功，定军扬威","性别":"男","homeworld":"荆州jingzhou","films":["蜀国shuguo"],"species":[],"vehicles":[],"starships":["官渡之战guanduzhizhan","江陵保卫战jianglingbaoweizhan","赤壁之战chibizhizhan","落凤坡之战luofengpozhizhan","夷陵之战yilingzhizhan","樊城之战fanchengzhizhan","汉中之战hanzhongzhizhan","上方谷之战shangfangguzhizhan","新野之战xinyezhizhan","六出祁山liuchuqishan"],"created":"2014-12-15T12:49:32.457000Z","edited":"2014-12-20T21:17:50.349000Z","url":"黄忠huangzhong"}
{"name":"诸葛亮","官职":"丞相、益州牧、司隶校尉","出生日期":"181年","逝世日期":"234年","人物关系":"父亲诸葛珪，哥哥诸葛瑾，弟弟诸葛均","人物评价":"诸葛亮达治知变，正而有谋，而为之相。","事迹":"隆中对策，初出茅庐，赤壁斗智，定鼎荆益，先主托孤，北定中原","性别":"男","homeworld":"徐州xuzhou","films":["蜀国shuguo"],"species":["出师表shu","后出师表shu","诫子书shu","自表后主shu"],"vehicles":["诸葛连弩shu","八阵图shu","孔明灯shu","木牛流马shu"],"starships":["官渡之战guanduzhizhan","江陵保卫战jianglingbaoweizhan","赤壁之战chibizhizhan","落凤坡之战luofengpozhizhan","夷陵之战yilingzhizhan","樊城之战fanchengzhizhan","汉中之战hanzhongzhizhan","上方谷之战shangfangguzhizhan","新野之战xinyezhizhan","六出祁山liuchuqishan"],"created":"2014-12-15T12:51:10.076000Z","edited":"2014-12-20T21:17:50.351000Z","url":"诸葛亮zhugeliang"}
{"name":"庞统","官职":"军师中郎将","出生日期":"179年","逝世日期":"214年","人物关系":"搭档诸葛亮","人物评价":"庞统雅好人流，经学思谋，于时荆、楚谓之高俊。","事迹":"东吴送丧，投奔刘备，献计征蜀","性别":"男","homeworld":"荆州jingzhou","films":["蜀国shuguo"],"species":[],"vehicles":[],"starships":["官渡之战guanduzhizhan","江陵保卫战jianglingbaoweizhan","赤壁之战chibizhizhan","落凤坡之战luofengpozhizhan"],"created":"2014-12-15T12:53:49.297000Z","edited":"2014-12-20T21:17:50.355000Z","url":"庞统pangtong"}
{"name":"刘禅","官职":"汉怀帝","出生日期":"207年","逝世日期":"271年","人物关系":"父亲刘备，儿子刘谌","人物评价":"人之无情，乃可至於是乎！虽使诸葛亮在，不能辅之久全，而况姜维邪？","事迹":"国亡投降，安度余生","性别":"男","homeworld":"荆州jingzhou","films":["蜀国shuguo"],"species":[],"vehicles":[],"starships":["夷陵之战yilingzhizhan","樊城之战fanchengzhizhan","汉中之战hanzhongzhizhan","上方谷之战shangfangguzhizhan","新野之战xinyezhizhan","六出祁山liuchuqishan"],"created":"2014-12-15T12:56:32.683000Z","edited":"2014-12-20T21:17:50.357000Z","url":"刘禅liushan"}
{"name":"糜竺","官职":"安汉将军","出生日期":"不详","逝世日期":"不详","人物关系":"刘备帐下重臣","人物评价":"麋竺雍容大方，敦厚文雅。但不擅长谋略。刘备一直待他以上宾之礼，从未试过让他统御军队。但刘备对他赏赐丰厚，倍加宠信，没有人能与他相比。","事迹":"徐州富商，追随刘备，备受宠遇，抑郁而终","性别":"男","homeworld":"司州sizhou","films":["蜀国shuguo"],"species":[],"vehicles":[],"starships":["官渡之战guanduzhizhan","江陵保卫战jianglingbaoweizhan","赤壁之战chibizhizhan","落凤坡之战luofengpozhizhan","夷陵之战yilingzhizhan","樊城之战fanchengzhizhan","汉中之战hanzhongzhizhan","上方谷之战shangfangguzhizhan","新野之战xinyezhizhan","六出祁山liuchuqishan"],"created":"2014-12-15T13:01:57.178000Z","edited":"2014-12-20T21:17:50.359000Z","url":"糜竺mizhu"}
{"name":"刘徽","官职":"无","出生日期":"225年","逝世日期":"295年","人物关系":"不详","人物评价":"是我国最早明确主张用逻辑推理的方式来论证数学命题的人。","事迹":"在中国数学史上作出了极大的贡献，他的杰作《九章算术注》和《海岛算经》，是中国最宝贵的数学遗产。","性别":"男","homeworld":"青州qingzhou","films":["魏国weiguo"],"species":["九章算术注shu","海岛算经shu"],"vehicles":["割圆术shu"],"starships":[],"created":"2014-12-20T09:47:02.512000Z","edited":"2014-12-20T21:17:50.407000Z","url":"刘徽liuhui"}
{"name":"钟繇","官职":"太傅","出生日期":"151年","逝世日期":"230年","人物关系":"儿子钟会，好友荀彧","人物评价":"关右平定，朝廷无西顾之忧，足下之勋也。昔萧何镇守关中，足食成军，亦适当尔。","事迹":"历任尚书郎、黄门侍郎等职，助汉献帝东归有功，封东武亭侯。后被曹操委以重任，为司隶校尉，镇守关中，功勋卓著。以功累迁前军师。推动楷书发展。","性别":"男","homeworld":"豫州yuzhou","films":["魏国weiguo"],"species":["贺捷表shu","力命表shu","宣示表shu","荐季直表shu"],"vehicles":["楷书shu"],"starships":["赤壁之战chibizhizhan","上方谷之战shangfangguzhizhan","东兴之战dongxingzhizhan","新野之战xinyezhizhan","官渡之战guanduzhizhan","姜维北伐jiangweibeifa","合肥之战hefeizhizhan","石亭之战shitingzhizhan","落凤坡之战luofengpozhizhan"],"created":"2014-12-18T11:07:50.584000Z","edited":"2014-12-20T21:17:50.362000Z","url":"钟繇zhongyao"}
{"name":"钟会","官职":"秘书郎、中郎、司隶校尉","出生日期":"225年","逝世日期":"264年","人物关系":"父亲钟繇，哥哥钟毓","人物评价":"王凌风节格尚，毌丘俭才识拔干，诸葛诞严毅威重，钟会精练策数，咸以显名，致兹荣任，而皆心大志迂，不虑祸难，变如发机，宗族涂地，岂不谬惑邪！","事迹":"精炼策数，兴兵伐蜀，钟会之乱","性别":"男","homeworld":"豫州yuzhou","films":["魏国weiguo"],"species":["四本论shu","移蜀将吏士民檄shu"],"vehicles":[],"starships":["官渡之战guanduzhizhan","江陵保卫战jianglingbaoweizhan","赤壁之战chibizhizhan","落凤坡之战luofengpozhizhan","夷陵之战yilingzhizhan","樊城之战fanchengzhizhan","汉中之战hanzhongzhizhan","上方谷之战shangfangguzhizhan","新野之战xinyezhizhan","六出祁山liuchuqishan"],"created":"2014-12-18T11:12:38.895000Z","edited":"2014-12-20T21:17:50.364000Z","url":"钟会zhonghui"}
{"name":"曹丕","官职":"魏文帝","出生日期":"187年","逝世日期":"226年","人物关系":"fair","人物评价":"及操子丕，桀逆遗丑，荐作奸回，偷取天位，而叡么麽，寻丕凶迹，阻兵盗土，未伏厥诛。","事迹":"立嗣之争，篡汉为帝","性别":"男","homeworld":"豫州yuzhou","films":["魏国weiguo"],"species":["典论shu","燕歌行shu"],"vehicles":[],"starships":["赤壁之战chibizhizhan","上方谷之战shangfangguzhizhan","东兴之战dongxingzhizhan","新野之战xinyezhizhan","官渡之战guanduzhizhan","姜维北伐jiangweibeifa","合肥之战hefeizhizhan","石亭之战shitingzhizhan","落凤坡之战luofengpozhizhan"],"created":"2014-12-18T11:16:33.020000Z","edited":"2014-12-20T21:17:50.367000Z","url":"曹丕caopi"}
{"name":"华佗","官职":"无","出生日期":"145年","逝世日期":"208年","人物关系":"为曹操所害","人物评价":"佗方术实工，人命所悬，宜加全宥。","事迹":"关公刮骨 疗伤，为曹操治疗中风","性别":"男","homeworld":"豫州yuzhou","films":["魏国weiguo"],"species":["伤寒杂病论shu"],"vehicles":["麻沸散shu","五禽戏shu"],"starships":[],"created":"2014-12-18T11:21:58.954000Z","edited":"2014-12-20T21:17:50.369000Z","url":"华佗huatuo"}
{"name":"马钧","官职":"官吏","出生日期":"不详","逝世日期":"不详","人物关系":"无","人物评价":"无","事迹":"再现指南车、制造翻水车、改进织绫机、制作“水转百戏图”","性别":"男","homeworld":"雍州yongzhou","films":["魏国weiguo"],"species":[],"vehicles":["诸葛连弩shu","发石车shu","翻车shu","织布机shu"],"starships":[],"created":"2014-12-18T11:26:18.541000Z","edited":"2014-12-20T21:17:50.371000Z","url":"马钧majun"}
{"name":"曹操","官职":"丞相","出生日期":"155年","逝世日期":"220年","人物关系":"儿子曹丕、曹植、曹冲等","人物评价":"时将乱矣，天下英雄无过曹操。","事迹":"实行屯田制；统一中原、北方；奠定曹魏政权的基础 ","性别":"男","homeworld":"豫州yuzhou","films":["魏国weiguo"],"species":["龟虽寿shu","观沧海shu"],"vehicles":["屯田制shu"],"starships":["赤壁之战chibizhizhan","上方谷之战shangfangguzhizhan","东兴之战dongxingzhizhan","新野之战xinyezhizhan"],"created":"2014-12-10T16:20:44.310000Z","edited":"2014-12-20T21:17:50.327000Z","url":"曹操caocao"}
{"name":"张辽","官职":"前将军、征东将军","出生日期":"169年","逝世日期":"222年","人物关系":"曹操部下主要将领","人物评价":"武力既弘，计略周备，质忠性一，守执节义，每临战攻，常为督率，奋强突固，无坚不陷","事迹":"先后跟随曹操战山东、讨袁谭、灭袁尚、平辽东，在极端混乱的三国时代，结束豪杰并起、军阀混战的局面，使北方渐趋统一","性别":"男","homeworld":"冀州jizhou","films":["魏国weiguo"],"species":[],"vehicles":[],"starships":["赤壁之战chibizhizhan","官渡之战guanduzhizhan","合肥之战hefeizhizhan"],"created":"2014-12-19T16:54:53.618000Z","edited":"2014-12-20T21:17:50.375000Z","url":"张辽zhangliao"}
{"name":"于禁","官职":"左将军、安远将军","出生日期":"不详","逝世日期":"221年","人物关系":"曹操部下将领","人物评价":"太祖建兹武功，而时之良将，五子为先。于禁最号毅重，然弗克其终。②禁持军严整，得贼财物，无所私入，由是赏赐特重。然以法御下，不甚得士众心。","事迹":"早期便随曹操，立下了许多战功。关羽围攻襄、樊时，于禁兵败投降，回魏国后曹丕让人羞辱于禁，于禁因此惭恚而死，被恶谥为厉侯。","性别":"男","homeworld":"青州qingzhou","films":["魏国weiguo"],"species":[],"vehicles":[],"starships":["赤壁之战chibizhizhan","合肥之战hefeizhizhan"],"created":"2014-12-19T17:05:57.357000Z","edited":"2014-12-20T21:17:50.377000Z","url":"于禁yujin"}
{"name":"乐进","官职":"右将军，假节","出生日期":"不详","逝世日期":"218年","人物关系":"早期跟随曹操将领，五子良将之一","人物评价":"乐进以骁果显名，而鉴其行事，未副所闻","事迹":"斩淳于琼;斩严敬;每战先登;击退关羽","性别":"男","homeworld":"豫州yuzhou","films":["魏国weiguo"],"species":[],"vehicles":[],"starships":["官渡之战guanduzhizhan","合肥之战hefeizhizhan"],"created":"2014-12-19T17:21:45.915000Z","edited":"2014-12-20T21:17:50.379000Z","url":"乐进yuejin"}
{"name":"荀攸","官职":"尚书令","出生日期":"157年","逝世日期":"214年","人物关系":"曹操的“谋主”，擅长灵活多变的克敌战术和军事策略","人物评价":"公达外愚内智，外怯内勇，外弱内强，不伐善，无施劳，智可及，愚不可及，虽颜子、宁武不能过也","事迹":"设奇策十二计，辅佐曹操统一北方","性别":"男","homeworld":"豫州yuzhou","films":["魏国weiguo"],"species":["魏宫仪shu"],"vehicles":[],"starships":["官渡之战guanduzhizhan","赤壁之战chibizhizhan"],"created":"2014-12-19T17:28:26.926000Z","edited":"2016-04-20T17:06:31.502555Z","url":"荀攸xunyou"}
{"name":"贾诩","官职":"太尉","出生日期":"147年","逝世日期":"223年","人物关系":"著名谋士、军事战略家，曹魏开国功臣","人物评价":"天下论智计并归贾氏也","事迹":"献计李傕、郭汜助其反攻长安。张绣曾用他的计策两次击败曹操。官渡之战时，贾诩力主与袁绍决战，贾诩献离间计，瓦解马超、韩遂，使得曹操一举平定关中。","性别":"男","homeworld":"凉州liangzhou","films":["魏国weiguo"],"species":["吴起兵法注shu","钞孙子兵法shu"],"vehicles":[],"starships":["官渡之战guanduzhizhan"],"created":"2014-12-19T17:29:32.489000Z","edited":"2014-12-20T21:17:50.383000Z","url":"贾诩jiaxu"}
{"name":"夏侯惇","官职":"济阴太守、大将军","出生日期":"不详","逝世日期":"220年","人物关系":"夏侯婴后代，最早跟随曹操将领之一","人物评价":"开疆展土夏侯惇，枪戟丛中敌万军。 拔矢去眸枯一目，啖睛忿气唤双亲。忠心力把黎民救，雪恨平将逆贼吞。孤月独明勘比伦，至今功迹照乾坤。","事迹":"曹操起兵，夏侯惇是其最早的将领之一。多次为曹操镇守后方，曾率军民阻断太寿河水，筑陂塘灌溉农田，使百姓受益。","性别":"男","homeworld":"扬州yangzhou","films":["魏国weiguo"],"species":[],"vehicles":[],"starships":["官渡之战guanduzhizhan","赤壁之战chibizhizhan"],"created":"2014-12-19T17:32:56.741000Z","edited":"2014-12-20T21:17:50.385000Z","url":"夏侯惇xiahoudun"}
{"name":"曹仁","官职":"大将军、大司马、荆州刺史","出生日期":"168年","逝世日期":"223年","人物关系":"曹操从弟","人物评价":"文武并亮，权智时发。奢不过制，俭不损礼。入毗皇家，帝之股肱。出作侯伯，实抚东夏者，曹大司马也。","事迹":"破走刘备、平定叛乱、保守樊城、多次参与大战","性别":"男","homeworld":"扬州yangzhou","films":["魏国weiguo"],"species":[],"vehicles":[],"starships":["官渡之战guanduzhizhan","赤壁之战chibizhizhan","合肥之战hefeizhizhan"],"created":"2014-12-19T17:33:38.909000Z","edited":"2014-12-20T21:17:50.388000Z","url":"曹仁caoren"}
{"name":"曹植","官职":"临淄侯","出生日期":"192年","逝世日期":"232年12月27日","人物关系":"曹操儿子，曹丕弟弟","人物评价":"陈思文才富艳，足以自通后叶，然不能克让远防，终致携隙。","事迹":"七步成诗，洛神赋歌","性别":"男","homeworld":"扬州yangzhou","films":["魏国weiguo"],"species":[],"vehicles":[],"starships":["官渡之战guanduzhizhan","赤壁之战chibizhizhan","合肥之战hefeizhizhan"],"created":"2014-12-19T17:33:38.909000Z","edited":"2014-12-20T21:17:50.388000Z","url":"曹植caozhi"}
{"name":"张郃","官职":"征西车骑将军","出生日期":"不详","逝世日期":"231年","人物关系":"曹操部下将领","人物评价":"郃诚良将，国所依也","事迹":"参加镇压黄巾起义，后在官渡之战中投降曹操。随曹操攻乌桓、破马超、降张鲁，屡建战功。继与都护将军夏侯渊留守汉中。215年，率军进攻巴西宕渠，被蜀将张飞击败。219年，夏侯渊战死，全军危急之际，张郃代帅，率部安全撤退。228年，街亭大败蜀军。231年，领兵追击蜀军，至木门中箭亡。","性别":"男","homeworld":"冀州jizhou","films":["魏国weiguo"],"species":[],"vehicles":[],"starships":["官渡之战guanduzhizhan","赤壁之战chibizhizhan"],"created":"2014-12-19T17:45:01.522000Z","edited":"2014-12-20T21:17:50.392000Z","url":"张郃zhanghe"}
{"name":"董昭","官职":"司徒","出生日期":"156年","逝世日期":"236年","人物关系":"曹操部下谋士","人物评价":"昭人品不足称，其谋略妙，不下二荀","事迹":"建议曹操将汉献帝迎接到许昌，曹操受封魏公、魏王的谋划都是出自董昭之手","性别":"男","homeworld":"青州qingzhou","films":["魏国weiguo"],"species":[],"vehicles":[],"starships":[],"created":"2014-12-19T17:48:54.647000Z","edited":"2014-12-20T21:17:50.395000Z","url":"董昭dongzhao"}
{"name":"陈群","官职":"司空、录尚书事","出生日期":"不详","逝世日期":"237年","人物关系":"曹操部下文职官员","人物评价":"容中下士，则众心不携;进吐善谋，则众议不格。至德纯粹者，陈司空也。","事迹":"陈群历仕曹操、曹丕、曹叡三代，以其突出的治世之才，竭忠尽职，为曹魏政权的礼制及其政治制度的建设，做出了突出的贡献","性别":"男","homeworld":"豫州yuzhou","films":["魏国weiguo"],"species":[],"vehicles":[],"starships":[],"created":"2014-12-19T17:53:02.586000Z","edited":"2014-12-20T21:17:50.397000Z","url":"陈群chenqun"}
{"name":"满宠","官职":"太尉，征东大将军，扬州都督","出生日期":"不详","逝世日期":"242年","人物关系":"曹操部下将领","人物评价":"君典兵在外，专心忧公，有行父、祭遵之风","事迹":"最初任许县县令，掌管司法；转任汝南太守，开始参与军事，曾参与赤壁之战。后关羽围攻樊城，满宠协助曹仁守城。曹丕在位期间，满宠驻扎在新野。曹叡在位期间，满宠转任到扬州，接替曹休负责东侧对吴作战，屡有功劳","性别":"男","homeworld":"豫州yuzhou","films":["魏国weiguo"],"species":[],"vehicles":[],"starships":["赤壁之战chibizhizhan","合肥之战hefeizhizhan"],"created":"2014-12-19T17:55:43.348000Z","edited":"2014-12-20T21:17:50.399000Z","url":"满宠manchong"}
{"name":"蔡瑁","官职":"长水校尉","出生日期":"不详","逝世日期":"不详","人物关系":"蔡讽之子，姑母(蔡讽之姐)是太尉张温之妻，长姐与二姐先后嫁给黄承彦与刘表成为继室","人物评价":"佞邪秽政，爱恶败俗，国有此二事，欲不危亡，不可得也","事迹":"协助刘表平定荆州，劝说刘琮投降曹操","性别":"男","homeworld":"荆州jingzhou","films":["魏国weiguo"],"species":[],"vehicles":[],"starships":["赤壁之战chibizhizhan"],"created":"2014-12-20T09:57:31.858000Z","edited":"2014-12-20T21:17:50.414000Z","url":"蔡瑁caimao"}
{"name":"张允","官职":"将军","出生日期":"不详","逝世日期":"不详","人物关系":"刘表的外甥","人物评价":"无不烹菹夷灭，为百世戮试","事迹":"与蔡瑁离间刘表父子的关系，劝说刘琮投降曹操","性别":"男","homeworld":"荆州jingzhou","films":["魏国weiguo"],"species":[],"vehicles":[],"starships":[],"created":"2014-12-20T10:02:12.223000Z","edited":"2014-12-20T21:17:50.416000Z","url":"张允zhangyun"}
{"name":"程昱","官职":"车骑将军","出生日期":"141年","逝世日期":"220年","人物关系":"魏朝开国元勋之一","人物评价":"程昱有谋，能断大事。程昱之胆，过于贲、育","事迹":"曾于东阿率领民众抗击黄巾。初平三年，被曹操征辟为寿张令，从此为其出谋献策、征战四方。曹操征徐州时，程昱与荀彧留守后方，阻吕布、陈宫大军，保住三城","性别":"男","homeworld":"青州qingzhou","films":["魏国weiguo"],"species":[],"vehicles":[],"starships":[],"created":"2014-12-20T10:08:33.777000Z","edited":"2014-12-20T21:17:50.417000Z","url":"程昱chengyu"}
{"name":"邓艾","官职":"兖州刺史、征西将军、太尉","出生日期":"197年","逝世日期":"264年","人物关系":"魏国将领","人物评价":"艾筹画有方，忠勇奋发，斩将十数，馘首千计，国威震于巴蜀，武声扬于江岷","事迹":"理魏国西方，与姜维多次对峙 率兵偷渡阴平，攻灭蜀汉","性别":"男","homeworld":"豫州yuzhou","films":["魏国weiguo"],"species":["济河论shu"],"vehicles":[],"starships":["姜维北伐jiangweibeifa"],"created":"2014-12-20T10:12:30.846000Z","edited":"2014-12-20T21:17:50.420000Z","url":"邓艾dengai"}
{"name":"典韦","官职":"武猛校尉","出生日期":"不详","逝世日期":"197年","人物关系":"曹操近身侍卫","人物评价":"许褚、典韦折冲左右，抑亦汉之樊哙也","事迹":"在曹操征讨吕布时被募为陷阵，表现英勇，被拜为校尉，宿卫曹操。建安二年(197年)，张绣背叛曹操，典韦为保护曹操而率十余人挡叛军，击杀多人，但最终因寡不敌众而战死","性别":"男","homeworld":"豫州yuzhou","films":["魏国weiguo"],"species":[],"vehicles":[],"starships":[],"created":"2014-12-20T10:15:32.293000Z","edited":"2014-12-20T21:17:50.422000Z","url":"典韦dianwei"}
{"name":"司马懿","官职":"大都督、大将军、太尉、太傅","出生日期":"179","逝世日期":"251年","人物关系":"辅佐了魏国四代的托孤辅政之重臣","人物评价":"服膺文艺，以儒素立德，而雅有雄霸之量。值魏氏短祚，内外多难，谋而鲜过，举必独克，知人拔善，显用仄陋。王基、邓艾、周秦、贾越之徒，皆起自寒门，而著绩于朝，经略之才，可谓远矣","事迹":"抵御蜀汉诸葛亮的北伐，屯田水利，灭公孙渊","性别":"男","homeworld":"豫州yuzhou","films":["魏国weiguo"],"species":[],"vehicles":[],"starships":["上方谷之战shangfangguzhizhan","姜维北伐jiangweibeifa"],"created":"2014-12-20T10:18:57.202000Z","edited":"2014-12-20T21:17:50.424000Z","url":"司马懿simayi"}
{"name":"荀彧","官职":"侍中、光禄大夫","出生日期":"163年","逝世日期":"212年","人物关系":"曹操统一北方的首席谋臣和功臣","人物评价":"如冰之清，如玉之絜，法而不威，和而不亵，百寮士庶，唏嘘沾缨，机女投杼，农夫辍耕，轮给辄而不转，马悲鸣而倚衡","事迹":"荀彧在建计、密谋、匡弼、举人等方面多有建树，被曹操称为吾之子房","性别":"男","homeworld":"豫州yuzhou","films":["魏国weiguo"],"species":["报曹公书shu","迎驾都许议shu"],"vehicles":[],"starships":["官渡之战guanduzhizhan","赤壁之战chibizhizhan"],"created":"2014-12-20T10:26:47.902000Z","edited":"2014-12-20T21:17:50.427000Z","url":"荀彧xunyu"}
{"name":"郭嘉","官职":"军师祭酒","出生日期":"170年","逝世日期":"207年","人物关系":"曹操主要谋士","人物评价":"孝文之得魏尚，虏不足忧；太祖之见郭嘉，知成吾事","事迹":"助曹操平吕布、定河北，灭乌桓","性别":"男","homeworld":"豫州yuzhou","films":["魏国weiguo"],"species":["十胜十败论shu"],"vehicles":[],"starships":[],"created":"2014-12-20T10:29:11.661000Z","edited":"2014-12-20T21:17:50.432000Z","url":"郭嘉guojia"}
{"name":"孙权","官职":"吴王","出生日期":"182年","逝世日期":"252年","人物关系":"孙坚之子，孙策之弟","人物评价":"生子当如孙仲谋，刘景升儿子若豚犬耳","事迹":"与刘备联合于赤壁打败曹操军队，安定江东，建立吴国","性别":"男","homeworld":"扬州yangzhou","films":["吴国wuguo"],"species":[],"vehicles":[],"starships":["赤壁之战chibizhizhan","合肥之战hefeizhizhan","夷陵之战yilingzhizhan","石亭之战shitingzhizhan"],"created":"2014-12-20T10:32:11.669000Z","edited":"2014-12-20T21:17:50.434000Z","url":"孙权sunquan"}
{"name":"周瑜","官职":"都督、偏将军、南郡太守","出生日期":"175年","逝世日期":"210年","人物关系":"周异之子，堂祖父周景、堂叔周忠","人物评价":"世间豪杰英雄士、江左风流美丈夫","事迹":"赤壁破曹操，南郡败曹仁","性别":"男","homeworld":"扬州yangzhou","films":["吴国wuguo"],"species":["长河吟shu"],"vehicles":[],"starships":["赤壁之战chibizhizhan"],"created":"2014-12-20T10:34:48.725000Z","edited":"2014-12-20T21:17:50.437000Z","url":"周瑜zhouyu"}
{"name":"裴秀","官职":"司空","出生日期":"224年","逝世日期":"271年","人物关系":"东汉尚书令裴茂之孙、曹魏光禄大夫裴潜之子","人物评价":"生而岐嶷，长蹈自然，玄静守真，性入道奥;博学强记，无文不该","事迹":"开创中国古代地图绘制学;修改官制，提议恢复五等制","性别":"男","homeworld":"冀州jizhou","films":["吴国wuguo"],"species":[],"vehicles":["地图集shu"],"starships":[],"created":"2014-12-20T10:49:19.859000Z","edited":"2014-12-20T21:17:50.439000Z","url":"裴秀peixiu"}
{"name":"吕蒙","官职":"左护军、虎威将军、南郡太守","出生日期":"179年","逝世日期":"220年","人物关系":"少年时依附姊夫邓当，随孙策为将","人物评价":"吕蒙勇而有谋断，识军计，谲郝普，擒关羽，最其妙者","事迹":"攻占皖城;智取三郡;濡须之战;袭取荆州","性别":"男","homeworld":"扬州yangzhou","films":["吴国wuguo"],"species":[],"vehicles":[],"starships":["合肥之战hefeizhizhan","夷陵之战yilingzhizhan"],"created":"2014-12-20T10:53:26.457000Z","edited":"2014-12-20T21:17:50.442000Z","url":"吕蒙lvmeng"}
{"name":"黄盖","官职":"偏将军、武陵太守","出生日期":"不详","逝世日期":"不详","人物关系":"历仕孙坚、孙策、孙权三任","人物评价":"盖少孤，婴丁凶难，辛苦备尝，然有壮志，虽处贫贱，不自同于凡庸","事迹":"镇抚山越;在赤壁之战中诈降，献计火攻","性别":"男","homeworld":"荆州jingzhou","films":["吴国wuguo"],"species":[],"vehicles":[],"starships":["赤壁之战chibizhizhan","合肥之战hefeizhizhan"],"created":"2014-12-20T11:10:10.381000Z","edited":"2014-12-20T21:17:50.445000Z","url":"黄盖huanggai"}
{"name":"鲁肃","官职":"汉昌太守、横江将军","出生日期":"172年","逝世日期":"217年","人物关系":"周瑜好友","人物评价":"肃为人方严，寡于玩饰，内外节俭，不务俗好。治军整顿，禁令必行，虽在军陈，手不释卷","事迹":"投奔孙权，为其提出鼎足江东的战略规划，赤壁之战联刘抗曹","性别":"男","homeworld":"荆州jingzhou","films":["吴国wuguo"],"species":["榻上策shu"],"vehicles":[],"starships":["赤壁之战chibizhizhan","合肥之战hefeizhizhan"],"created":"2014-12-20T15:59:03.958000Z","edited":"2014-12-20T21:17:50.451000Z","url":"鲁肃lusu"}
{"name":"甘宁","官职":"西陵太守，折冲将军","出生日期":"不详","逝世日期":"220年","人物关系":"孙权部下将领","人物评价":"甘兴霸虽粗豪，有不如人意时，然其较略大丈夫也","事迹":"少时抢劫为非作歹，投奔孙权后破黄祖，袭曹营","性别":"男","homeworld":"荆州jingzhou","films":["吴国wuguo"],"species":[],"vehicles":[],"starships":["赤壁之战chibizhizhan","合肥之战hefeizhizhan"],"created":"2014-12-20T16:40:43.977000Z","edited":"2014-12-20T21:17:50.453000Z","url":"甘宁ganning"}
{"name":"张昭","官职":"辅吴将军、班亚三司","出生日期":"156年","逝世日期":"236年","人物关系":"孙策托孤重臣","人物评价":"其人信一时之良干，恨其不于嵩岳等资，而乃播殖于会稽","事迹":"辅佐孙策、孙权稳定江东与孙邵、滕胤等撰定朝仪","性别":"男","homeworld":"扬州yangzhou","films":["吴国wuguo"],"species":[],"vehicles":[],"starships":["赤壁之战chibizhizhan"],"created":"2014-12-20T16:45:53.668000Z","edited":"2014-12-20T21:17:50.455000Z","url":"张昭zhangzhao"}
{"name":"韩当","官职":"昭武将军、冠军太守、都督","出生日期":"不详","逝世日期":"226年","人物关系":"历仕孙坚、孙策、孙权三代","人物评价":"凡此诸将，皆江表之虎臣，孙氏之所厚待也","事迹":"随从征伐四方，功勋卓著，对江东基业的逐渐稳固和吴国的建立有着重要影响","性别":"男","homeworld":"冀州jizhou","films":["吴国wuguo"],"species":[],"vehicles":[],"starships":["赤壁之战chibizhizhan","合肥之战hefeizhizhan","夷陵之战yilingzhizhan"],"created":"2014-12-20T16:46:40.440000Z","edited":"2014-12-20T21:17:50.457000Z","url":"韩当handang"}
{"name":"陆机","官职":"平原内史、后将军、河北大都督","出生日期":"261年","逝世日期":"303年","人物关系":"孙吴丞相陆逊之孙、大司马陆抗第四子","人物评价":"陆机才欲窥深，辞务索广，故思能入巧而不制繁","事迹":"西晋诗坛的代表之一，被誉为太康之英","性别":"男","homeworld":"扬州yangzhou","films":["吴国wuguo"],"species":["平复帖shu"],"vehicles":[],"starships":[],"created":"2014-12-20T16:49:14.640000Z","edited":"2014-12-20T21:17:50.460000Z","url":"陆机luji"}
{"name":"孙策","官职":"讨逆将军，会稽太守","出生日期":"175年","逝世日期":"200年","人物关系":"孙坚长子，孙权长兄","人物评价":"策轻而无备，虽有百万之众，无异于独行中原也。若刺客伏起，一人之敌耳。以吾观之，必死于匹夫之手","事迹":"平定江东，占据江东六郡","性别":"男","homeworld":"扬州yangzhou","films":["吴国wuguo"],"species":[],"vehicles":[],"starships":[],"created":"2014-12-20T16:52:14.726000Z","edited":"2014-12-20T21:17:50.462000Z","url":"孙策sunce"}
{"name":"诸葛瑾","官职":"大将军、豫州牧","出生日期":"174年","逝世日期":"241年","人物关系":"诸葛亮之兄，诸葛恪之父","人物评价":"子瑜都长，体性纯懿。谏而不犯，正而不毅。将命公庭，退忘私位。岂无鹡鸰，固慎名器","事迹":"努力缓和蜀汉与孙吴的关系。代吕蒙领南郡太守，驻守公安。孙权称帝后，诸葛瑾官至大将军，领豫州牧","性别":"男","homeworld":"青州qingzhou","films":["吴国wuguo"],"species":[],"vehicles":[],"starships":["赤壁之战chibizhizhan","合肥之战hefeizhizhan","夷陵之战yilingzhizhan","石亭之战shitingzhizhan","江陵保卫战jianglingbaoweizhan"],"created":"2014-12-20T16:53:08.575000Z","edited":"2014-12-20T21:17:50.463000Z","url":"诸葛瑾zhugejin"}
{"name":"太史慈","官职":"将军","出生日期":"166年","逝世日期":"206年","人物关系":"孙策部下将领","人物评价":"太史慈信义笃烈，有古人之风","事迹":"太史慈为孙氏大将，助其扫荡江东。孙权统事后，因太史慈能制刘磐，便将管理南方的要务委托给他","性别":"男","homeworld":"青州qingzhou","films":["吴国wuguo"],"species":[],"vehicles":[],"starships":[],"created":"2014-12-20T16:54:41.620000Z","edited":"2014-12-20T21:17:50.465000Z","url":"太史慈taishici"}
{"name":"陆逊","官职":"大都督、上大将军、丞相","出生日期":"183年","逝世日期":"245年","人物关系":"孙权部下将领","人物评价":"陆逊意思深长，才堪负重，观其规虑，终可大任","事迹":"夷陵破刘备，石亭败曹休","性别":"男","homeworld":"扬州yangzhou","films":["吴国wuguo"],"species":["与关羽书shu"],"vehicles":[],"starships":["赤壁之战chibizhizhan","合肥之战hefeizhizhan","夷陵之战yilingzhizhan"],"created":"2014-12-20T16:57:44.471000Z","edited":"2014-12-20T21:17:50.468000Z","url":"陆逊luxun"}
{"name":"陆抗","官职":"镇军大将军、大司马、荆州牧","出生日期":"226年","逝世日期":"274年","人物关系":"吴国丞相陆逊次子","人物评价":"抗贞亮筹干，咸有父风，奕世载美，具体而微，可谓克构者哉","事迹":"西陵之战大破晋军;维护吴国稳定","性别":"男","homeworld":"扬州yangzhou","films":["吴国wuguo"],"species":["辨亡论shu"],"vehicles":[],"starships":[],"created":"2014-12-20T17:28:27.248000Z","edited":"2014-12-20T21:17:50.470000Z","url":"陆抗lukang"}
{"name":"顾雍","官职":"丞相、平尚书事","出生日期":"168年","逝世日期":"243年","人物关系":"少时受学于蔡邕","人物评价":"顾雍依杖素业，而将之智局，故能究极荣位","事迹":"为相十九年，多有匡弼","性别":"男","homeworld":"扬州yangzhou","films":["吴国wuguo"],"species":[],"vehicles":[],"starships":["赤壁之战chibizhizhan","合肥之战hefeizhizhan"],"created":"2014-12-20T17:30:50.416000Z","edited":"2014-12-20T21:17:50.473000Z","url":"顾雍guyong"}
{"name":"阚泽","官职":"中书令、太子太傅","出生日期":"不详","逝世日期":"243年","人物关系":"太子老师","人物评价":"其渊懿纯德，则太子少傅山阴阚泽，学通行茂，作帝师儒","事迹":"建议朝政，教授二宫","性别":"男","homeworld":"扬州yangzhou","films":["吴国wuguo"],"species":[],"vehicles":[],"starships":[],"created":"2014-12-20T17:31:21.195000Z","edited":"2014-12-20T21:17:50.474000Z","url":"阚泽kanze"}
{"name":"凌统","官职":"偏将军","出生日期":"189年","逝世日期":"217年","人物关系":"凌操之子","人物评价":"蜮视曹瞒，霆扫锋猬。翼蔽仲谋，脱危虎尾。忠不顾身，有霣无二。岂曰兵家，为古国士","事迹":"为孙吴政权东征西讨，屡立战功;逍遥津之战保护孙权逃离","性别":"男","homeworld":"扬州yangzhou","films":["吴国wuguo"],"species":[],"vehicles":[],"starships":["赤壁之战chibizhizhan","合肥之战hefeizhizhan"],"created":"2014-12-20T17:32:51.996000Z","edited":"2014-12-20T21:17:50.476000Z","url":"凌统lingtong"}
{"name":"丁奉","官职":"右大司马、左军师、徐州牧","出生日期":"不详","逝世日期":"271年","人物关系":"孙吴名将","人物评价":"丁奉虽不能吏书，而计略过人，能断大事","事迹":"雪中奋短兵，大破魏军;辅助吴景帝孙休，诛灭权臣孙綝","性别":"男","homeworld":"扬州yangzhou","films":["吴国wuguo"],"species":[],"vehicles":[],"starships":["赤壁之战chibizhizhan","合肥之战hefeizhizhan"],"created":"2014-12-20T17:43:36.409000Z","edited":"2014-12-20T21:17:50.478000Z","url":"丁奉dingfeng"}
{"name":"周泰","官职":"汉中太守，奋威将军","出生日期":"不详","逝世日期":"不详","人物关系":"吴国武将","人物评价":"名与诸公又不同，金疮痕在满身中。不将御盖宣恩泽，谁信将军别有功","事迹":"多次救孙权于危难","性别":"男","homeworld":"扬州yangzhou","films":["吴国wuguo"],"species":[],"vehicles":[],"starships":["赤壁之战chibizhizhan","合肥之战hefeizhizhan","夷陵之战yilingzhizhan"],"created":"2014-12-20T17:53:52.607000Z","edited":"2014-12-20T21:17:50.481000Z","url":"周泰zhoutai"}
{"name":"孙坚","官职":"乌程侯","出生日期":"155年","逝世日期":"192年","人物关系":"孙权父亲","人物评价":"勇挚刚毅，孤微发迹，导温戮卓，山陵杜塞，有忠壮之烈","事迹":"斩杀华雄，大破董卓","性别":"男","homeworld":"扬州yangzhou","films":["吴国wuguo"],"species":[],"vehicles":[],"starships":["赤壁之战chibizhizhan","合肥之战hefeizhizhan","夷陵之战yilingzhizhan"],"created":"2014-12-20T17:58:17.049000Z","edited":"2014-12-20T21:17:50.484000Z","url":"孙坚sunjian"}
{"name":"薛综","官职":"太子太傅","出生日期":"约176年","逝世日期":"243年","人物关系":"吴国太子太傅","人物评价":"薛综学识规纳，为吴良臣。及莹纂蹈，允有先风，然於暴酷之朝，屡登显列，君子殆诸","事迹":"吕征上疏，劝谏孙权","性别":"男","homeworld":"荆州jingzhou","films":["吴国wuguo"],"species":["私载sizai"],"vehicles":[],"starships":["赤壁之战chibizhizhan","合肥之战hefeizhizhan","夷陵之战yilingzhizhan"],"created":"2014-12-20T17:58:17.049000Z","edited":"2014-12-20T21:17:50.484000Z","url":"薛综xuezong"}
